City,Place
Karad,Pritisangam
Karad,Krishna River
Karad,Koyna River
Karad,Agashiv Caves
Karad,Sadashivgad Fort
Karad,Krishna Ghat
Karad,Koyna Dam
Karad,Naktya Ravalnath Temple
Karad,Shivaji Stadium
Karad,Karad Market
Satara,Kaas Plateau
Satara,Thoseghar Waterfall
Satara,Ajinkyatara Fort
Satara,Sajjangad Fort
Satara,Koyna Dam
Satara,Kaas Lake
Satara,Chalkewadi Windmills
Satara,Char Bhinti
Satara,Shivaji Museum
Satara,Yavateshwar Temple
Pune,Shaniwar Wada
Pune,Aga Khan Palace
Pune,Sinhagad Fort
Pune,Dagadusheth Temple
Pune,Osho Ashram
Pune,Khadakwasla Dam
Pune,Phoenix Mall
Pune,Rajiv Gandhi Zoo
Pune,Parvati Hill
Pune,Pashan Lake
Pune,Pataleshwar Temple
Pune,Lal Mahal
Pune,Raja Dinkar Kelkar Museum
Pune,Empress Garden
Pune,FC Road
Pune,MG Road
Pune,Balewadi Stadium
Pune,Okayama Friendship Garden
Pune,Shinde Chhatri
Pune,National War Memorial
Mumbai,Gateway of India
Mumbai,Marine Drive
Mumbai,Elephanta Caves
Mumbai,Juhu Beach
Mumbai,Girgaon Chowpatty
Mumbai,Bandra Fort
Mumbai,Siddhivinayak Temple
Mumbai,Haji Ali Dargah
Mumbai,Chhatrapati Shivaji Terminus
Mumbai,ISKCON Temple
Mumbai,Versova Beach
Mumbai,Powai Lake
Mumbai,Sanjay Gandhi National Park
Mumbai,EsselWorld
Mumbai,Global Vipassana Pagoda
Mumbai,Taraporewala Aquarium
Mumbai,Nehru Planetarium
Mumbai,Hanging Gardens
Mumbai,Kanheri Caves
Mumbai,Rani Baug Zoo
Nashik,Sula Vineyards
Nashik,Trimbakeshwar Temple
Nashik,Ram Kund
Nashik,Sita Gufa
Nashik,Kalaram Temple
Nashik,Anjaneri Hills
Nashik,Someshwar Waterfall
Nashik,Pandavleni Caves
Nashik,Muktidham Temple
Nashik,Gangapur Dam
Kolhapur,Mahalaxmi Temple
Kolhapur,Rankala Lake
Kolhapur,Panhala Fort
Kolhapur,New Palace
Kolhapur,Shalini Palace
Kolhapur,Kaneri Math
Kolhapur,Jyotiba Temple
Kolhapur,DYP City Mall
Kolhapur,Radhanagari Dam
Kolhapur,Binkhambi Ganesh Temple
Solapur,Siddheshwar Temple
Solapur,Bhuikot Fort
Solapur,Hipparga Lake
Solapur,Great Indian Bustard Sanctuary
Solapur,Smriti Udyan
Solapur,Shivaji Chowk
Solapur,Shri Mallikarjun Temple
Solapur,Kambar Talav
Solapur,Solapur Science Centre
Solapur,Ujani Dam
Lonavala,Bhushi Dam
Lonavala,Tiger Point
Lonavala,Lion Point
Lonavala,Rajmachi Fort
Lonavala,Karla Caves
Lonavala,Bhaja Caves
Lonavala,Lohagad Fort
Lonavala,Visapur Fort
Lonavala,Pawna Lake
Lonavala,Sunil Wax Museum
Lonavala,Ryewood Park
Lonavala,Duke's Nose
Lonavala,Tungarli Lake
Lonavala,Imagica Theme Park
Lonavala,Valvan Dam
Khandala,Duke's Nose
Khandala,Rajmachi Point
Khandala,Monkey Hill
Khandala,Kune Waterfalls
Khandala,Shooting Point
Khandala,Amrutanjan Point
Khandala,Tiger Leap
Khandala,Bhushi Dam
Khandala,Lion Point
Khandala,Lohagad Fort
Mahabaleshwar,Venna Lake
Mahabaleshwar,Mapro Garden
Mahabaleshwar,Arthur Seat
Mahabaleshwar,Lingmala Waterfall
Mahabaleshwar,Wilson Point
Mahabaleshwar,Elephant Head Point
Mahabaleshwar,Pratapgad Fort
Mahabaleshwar,Bombay Point
Mahabaleshwar,Connaught Peak
Mahabaleshwar,Krishnabai Temple
Mahabaleshwar,Needle Hole Point
Mahabaleshwar,Elphinstone Point
Mahabaleshwar,Kate's Point
Mahabaleshwar,Savitri Point
Mahabaleshwar,Chinaman Falls
Panchgani,Table Land
Panchgani,Parsi Point
Panchgani,Sydney Point
Panchgani,Devil's Kitchen
Panchgani,Mapro Garden
Panchgani,Dhom Dam
Panchgani,Harrison's Folly
Panchgani,Rajpuri Caves
Panchgani,Velocity Entertainmentz
Panchgani,On Wheelz Amusement Park
Alibaug,Alibaug Beach
Alibaug,Kolaba Fort
Alibaug,Nagaon Beach
Alibaug,Varsoli Beach
Alibaug,Kihim Beach
Alibaug,Akshi Beach
Alibaug,Revdanda Fort
Alibaug,Kashid Beach
Alibaug,Murud Janjira Fort
Alibaug,Kanakeshwar Temple
Alibaug,Phansad Wildlife Sanctuary
Alibaug,Rewas Jetty
Alibaug,Mandwa Beach
Alibaug,Brahma Kund
Alibaug,Versoli Beach
Ratnagiri,Ganpatipule Beach
Ratnagiri,Ratnadurg Fort
Ratnagiri,Thiba Palace
Ratnagiri,Jaigad Fort
Ratnagiri,Bhatye Beach
Ratnagiri,Aare Ware Beach
Ratnagiri,Pawas
Ratnagiri,Velneshwar Beach
Ratnagiri,Marleshwar Temple
Ratnagiri,Jaigad Lighthouse
Ratnagiri,Mandavi Beach
Ratnagiri,Parshuram Temple
Ratnagiri,Guhagar Beach
Ratnagiri,Hedvi Beach
Ratnagiri,Konkan Museum
Nagpur,Deekshabhoomi
Nagpur,Futala Lake
Nagpur,Ambazari Lake
Nagpur,Seminary Hills
Nagpur,Maharajbagh Zoo
Nagpur,Dragon Palace Temple
Nagpur,Japanese Garden
Nagpur,Raman Science Centre
Nagpur,Gorewada Lake
Nagpur,Gorewada Zoo
Nagpur,Zero Mile Stone
Nagpur,Sitabuldi Fort
Nagpur,Krazy Castle Aqua Park
Nagpur,Shri Ganesh Tekdi Temple
Nagpur,Narrow Gauge Rail Museum
Aurangabad,Ajanta Caves
Aurangabad,Ellora Caves
Aurangabad,Bibi Ka Maqbara
Aurangabad,Daulatabad Fort
Aurangabad,Grishneshwar Temple
Aurangabad,Panchakki
Aurangabad,Aurangabad Caves
Aurangabad,Soneri Mahal
Aurangabad,Siddharth Garden
Aurangabad,Jayakwadi Dam
Aurangabad,Salim Ali Lake
Aurangabad,Prozone Mall
Aurangabad,Himayat Bagh
Aurangabad,Pitalkhora Caves
Aurangabad,Goga Baba Hill
Shirdi,Shri Sai Baba Temple
Shirdi,Dwarkamai
Shirdi,Chavadi
Shirdi,Lendi Baug
Shirdi,Gurusthan
Shirdi,Khandoba Temple
Shirdi,Sai Heritage Village
Shirdi,Wet N Joy Water Park
Shirdi,Prasadalaya
Shirdi,Dixit Wada Museum
Ahmednagar,Ahmednagar Fort
Ahmednagar,Shani Shingnapur
Ahmednagar,Meherabad
Ahmednagar,Cavalry Tank Museum
Ahmednagar,Salabat Khan Tomb
Ahmednagar,Anand Dham
Ahmednagar,Farah Bagh
Ahmednagar,Kapurwadi Lake
Ahmednagar,Siddhatek Temple
Ahmednagar,Harishchandragad Fort
Igatpuri,Bhatsa River Valley
Igatpuri,Camel Valley
Igatpuri,Kalsubai Peak
Igatpuri,Tringalwadi Fort
Igatpuri,Vaitarna Dam
Igatpuri,Ghatandevi Temple
Igatpuri,Myanmar Gate
Igatpuri,Dhamma Giri
Igatpuri,Vipassana Centre
Igatpuri,Arthur Lake
Bhandardara,Arthur Lake
Bhandardara,Randha Falls
Bhandardara,Umbrella Falls
Bhandardara,Wilson Dam
Bhandardara,Mount Kalsubai
Bhandardara,Ratanwadi Village
Bhandardara,Amruteshwar Temple
Bhandardara,Sandhan Valley
Bhandardara,Ratangad Fort
Bhandardara,Fireflies Festival
Matheran,Charlotte Lake
Matheran,Louisa Point
Matheran,Panorama Point
Matheran,Echo Point
Matheran,Monkey Point
Matheran,Honeymoon Point
Matheran,Alexander Point
Matheran,Porcupine Point
Matheran,King George Point
Matheran,One Tree Hill Point
Lavasa,Lakeside Promenade
Lavasa,Temghar Dam
Lavasa,Dasve View Point
Lavasa,Water Sports
Lavasa,Adventure Park
Lavasa,Nature Trail
Lavasa,Lakeshore Walk
Lavasa,Central Park
Lavasa,Camping Site
Lavasa,Boating Point